Time (s),HRR (kW/m2),MLR (g/s),Specimen mass (g)
0,1.00488460669772,0.8880664999999599,106.4
1,0.821131946499391,-0.5010734999999921,106.414472
2,0.578729934519806,-0.1719455,106.82939099999999
3,0.48626425680968605,0.13068349999999498,106.70384299999999
4,0.34429395569582105,0.0715739166666687,106.651622
5,0.0064313357151629105,0.0523329999999961,106.56052199999999
6,-0.0102690996366753,0.0514035833333359,106.54171000000001
7,-0.29255379681051097,0.10245358333333801,106.45254299999999
8,-0.489997198036514,-0.148982166666668,106.404633
9,-0.534028558254205,-0.18301408333333302,106.693349
10,-0.410703409375692,0.162363416666672,106.68037199999999
11,-0.0924666569842453,0.0939479999999999,106.462286
12,-0.0531481194517766,0.00588333333333561,106.50448999999999
13,-0.363895053417329,0.10727633333333801,106.413669
14,-0.522123622707299,-0.128388416666673,106.362036
15,-0.518979118650418,-0.099944500000003,106.60996999999999
16,-0.35630618392577795,0.0242864166666704,106.534237
17,-0.0197533759588631,0.0227909166666684,106.591943
18,-0.125206702904013,-0.0422244166666642,106.509257
19,0.271992461453562,-0.17398858333333403,106.683621
20,0.38767237364965507,0.12589016666666197,106.76096799999999
21,0.997513307445596,0.0423030833333324,106.51776799999999
22,1.51825137857916,-0.0914246666666732,106.69311499999999
23,1.97714627063346,-0.0122695000000057,106.64843400000001
24,2.56488310398775,0.094681166666664,106.7092
25,2.47810781593021,0.0462579166666745,106.499214
26,3.14378532301484,-0.0878793333333346,106.635529
27,3.3754097123834503,0.0652489999999991,106.61416100000001
28,3.7019834520569597,-0.10549991666666499,106.574224
29,3.8816565305774398,-0.13595375,106.791762
30,3.71141286899311,0.0573430833333373,106.79033799999999
31,4.343496542363391,0.0940360000000098,106.711628
32,3.56520857411367,0.0837420833333304,106.621269
33,3.45209897535109,-0.0224709166666687,106.56764199999999
34,3.7959440735334598,-0.0563644999999985,106.643355
35,3.94073102354185,0.19425241666666299,106.618665
36,2.9997307621591496,0.0282563333333326,106.35307900000001
37,2.5293132111664702,-0.20357816666666298,106.57646299999999
38,2.45367049995623,0.0570435833333309,106.644815
39,2.5925541609061296,0.0875831666666708,106.509615
40,2.28024440128798,0.0145792500000006,106.50281799999999
41,1.9899034513718101,-0.107264666666672,106.49148500000001
42,0.8508176954603471,-0.059615000000002,106.674726
43,0.37122094025137103,0.0364459166666637,106.59770300000001
44,0.34056132897966995,-0.0318709999999906,106.63718200000001
45,0.49406740022120094,0.0583975833333383,106.62848400000001
46,1.63246485600918,0.0792753333333245,106.538522
47,1.7703730924735002,-0.0708470833333337,106.509194
48,1.41295563602166,-0.0248030000000069,106.634166
49,0.5092273726341641,0.0673187500000078,106.543471
50,0.35900709489773797,0.10246583333333502,106.515102
51,0.556290548960197,0.0605054166666577,106.364507
52,0.843778582040274,-0.15558474999999802,106.43204399999999
53,0.6876021726121031,-0.07224050000000298,106.60507199999999
54,0.39872076448089294,-0.00886191666666865,106.57260500000001
55,0.294948488108605,0.0580524166666609,106.62210900000001
56,0.358777565544601,0.12840483333334302,106.461997
57,0.590208891497944,-0.00869616666666317,106.41683700000002
58,0.876320446385091,-0.11814616666667,106.47128700000002
59,0.678908551606365,0.0186016666666641,106.592075
60,0.37436539972349303,0.0832165000000025,106.446147
61,1.09423906317797,0.10932491666666999,106.43893700000001
62,1.3552401223800803,0.0835587500000052,106.244781
63,0.811373927311133,-0.0430870833333389,106.29304599999999
64,0.7973424845761781,0.0644123333333333,106.281724
65,-0.27611324050402003,-0.0686524999999977,106.217436
66,-0.7434841347258809,-0.19186216666667302,106.412849
67,-0.8163955911103241,0.00477599999999849,106.518216
68,-0.723062826952534,0.27399308333333605,106.385618
69,0.22791968297473103,0.220141583333334,106.0569
70,1.18519910761899,-0.0943082500000022,106.01023799999999
71,2.35175551804226,-0.0337707500000034,106.156875
72,3.79657415416829,0.114043500000003,106.053719
73,6.752942297672581,-0.0616399166666698,105.999499
74,10.453202251333,0.0230822499999933,106.119752
75,14.5494973852686,0.129921749999996,105.94546000000001
76,19.2853843889657,0.0722348333333376,105.898394
77,23.7521707323492,0.10592158333334,105.787696
78,29.168802499839202,-0.033868583333336005,105.72445800000001
79,33.7187381557108,-0.0363785000000062,105.82503100000001
80,37.573035937136204,-0.0183194166666685,105.790651
81,40.4940819703911,-0.11473166666665699,105.880698
82,43.517576943063,0.0708647499999984,105.94996100000002
83,45.38429375407821,0.35543424999999,105.72273100000001
84,47.2733086095813,0.0705481666666661,105.377292
85,48.895618503623,-0.12131458333333399,105.56455700000001
86,50.762408639924494,0.0616725833333322,105.531147
87,53.551667347002294,-0.0460541666666667,105.497796
88,54.7123408390119,0.0288139166666663,105.583275
89,56.738620942114004,0.133765166666662,105.428931
90,57.5081069064706,0.213602583333341,105.325994
91,59.8321138705846,0.15436383333332998,105.04473
92,62.016794362195604,-0.128721083333335,105.072898
93,62.6050877130363,-0.263811666666661,105.256529
94,62.7580221545175,0.11283658333333502,105.475733
95,64.3342564030051,0.20661899999999803,105.10167
96,66.4691643793264,-0.262262249999999,105.188065
97,67.7170538945928,0.12171291666667,105.43461299999998
98,67.7167040833433,0.26652299999998996,104.99213
99,69.4265692414419,0.0128117499999938,104.994745
100,69.33720614588489,0.254406000000007,104.867397
101,70.0690562642956,0.0270208333333422,104.59049
102,72.28130081130291,-0.194779833333338,104.810962
103,74.82426900580029,0.0363879166666633,104.867515
104,75.4806057324536,0.23521541666667398,104.746239
105,79.489039312947,-0.0458366666666675,104.509361
106,81.2012806416474,-0.0122764166666656,104.768315
107,81.46659163170959,0.20547691666666798,104.49408299999999
108,84.30121962986459,-0.12399666666666999,104.476698
109,82.8716235132123,-0.000257416666675188,104.64214799999999
110,85.5981333634803,0.167667333333331,104.464875
111,84.7122428173063,-0.0615176666666623,104.39641
112,86.09548503884011,0.0106854999999951,104.522802
113,86.3280250848329,0.0869581666666631,104.367352
114,88.88812081671921,0.132441000000009,104.360637
115,88.8729686874832,0.008352333333335809,104.142588
116,89.5641954801687,0.0111298333333352,104.313982
117,90.2493739301251,0.131788249999996,104.09434
118,90.86099516605991,-0.0138359166666717,104.108211
119,91.73205993960609,0.0383874166666693,104.07787900000001
120,91.4706730821085,0.153956500000007,104.016263
121,91.3435251837926,0.0718844999999959,103.819405
122,89.94386282730308,-0.072037916666666,103.887897
123,93.5006033768054,-0.0129144166666606,103.913565
124,92.1025590832473,0.0609242499999934,103.905088
125,91.82870912042792,0.0996675833333261,103.80196
126,93.0168418552968,0.0684727500000086,103.726148
127,93.73886390350391,-0.0101925833333271,103.67805600000001
128,92.3774250268886,-0.0638513333333369,103.735529
129,92.54897468708151,0.0992990833333375,103.754697
130,91.15256359992969,0.101939249999996,103.57306
131,94.30546832811491,0.0418756666666695,103.56989300000001
132,93.96007063370871,0.0236606666666752,103.480368
133,93.7439861161026,0.0288598333333319,103.51566899999999
134,94.11301533243879,0.0316409166666638,103.42319599999999
135,93.10470350674092,-0.00830025000000016,103.458835
136,96.0931530552939,0.0966011666666731,103.405387
137,95.1381613896105,0.18053900000000198,103.27359399999999
138,96.2960982482242,0.0364104166666645,103.100482
139,94.8854245399708,-0.0394440000000031,103.186063
140,95.1651429767444,0.0425255000000024,103.142064
141,96.7846226161388,-0.0523168333333276,103.132922
142,94.25510333337091,0.135247833333333,103.18566
143,94.5070993575346,0.12954999999999198,102.90702900000001
144,93.88423648892059,-0.0056110833333325606,102.957894
145,95.0909181763006,0.0987943333333448,102.865394
146,94.7139684773583,0.0642395833333348,102.785247
147,93.6404322035124,0.18010908333332198,102.71138499999999
148,93.98433346158409,-0.0049980000000005,102.496697
149,94.4116101990148,-0.196044916666672,102.718303
150,92.3577476589965,0.0642890000000023,102.780615
151,92.9488140034931,0.13310933333333502,102.63019
152,93.36659682709791,0.00334799999999428,102.563261
153,92.22496539008002,0.0989431666666765,102.57678299999999
154,89.93869337101678,0.0784150833333387,102.393535
155,89.2017064302544,-0.11279116666667201,102.4597
156,88.4691895664095,-0.105524583333339,102.567578
157,90.61976856732691,0.108457250000003,102.615633
158,89.18429503100408,0.230071416666661,102.37470400000001
159,88.6045119073161,0.129421166666669,102.218195
160,88.14859174461479,-0.11234983333333502,102.148931
161,89.7890467344167,-0.0178730833333347,102.362503
162,89.6366562975133,0.0662840833333398,102.18097
163,89.1792617297241,0.0286124166666646,102.26003
164,87.9987718765532,-0.007526333333337,102.12455600000001
165,87.5691789423296,0.04262858333333001,102.25454
166,86.3880518389164,0.0570028333333331,102.046734
167,86.3474193507235,0.0146496666666636,102.148997
168,86.81743444019001,0.240294083333339,101.964246
169,86.286356540468,0.0314210833333277,101.770432
170,85.0959891301252,-0.16970491666666698,101.90174300000001
171,84.15173825903591,-0.0398111666666701,102.026026
172,84.7816043296275,0.0983107500000019,101.972539
173,83.822706961059,0.10809441666666901,101.859066
174,85.7481277661182,0.20693958333332896,101.74579200000001
175,86.3382141366253,0.0491070000000065,101.509183
176,85.2147420416887,-0.16643925000000698,101.65675
177,86.43303148265079,0.0628206666666671,101.736014
178,83.5245690299279,0.143275083333336,101.56316899999999
179,85.1050808079758,-0.0361084166666619,101.514383
180,85.8729786499071,-0.0767825833333309,101.603003
181,86.8413064787285,0.0482031666666719,101.621385
182,84.57890452769341,0.22176758333334196,101.497794
183,84.0922975504768,0.0838122499999917,101.251149
184,86.0932800983333,0.102618833333331,101.30232600000001
185,81.9830762250641,0.0540667499999934,101.063388
186,83.5390872304972,-0.15263875000000102,101.227132
187,82.9845889731751,-0.0877250833333273,101.29839799999999
188,83.5804958662088,0.16207400000000302,101.350741
189,81.6558499619191,0.34724549999999105,100.99955899999999
190,81.60795840720999,0.0134974166666725,100.781308
191,82.9600099959879,-0.0216051666666649,100.90988
192,83.8085033393202,0.0454518333333359,100.795278
193,82.88639054872809,-0.0424925833333335,100.85205699999999
194,80.97774107089859,-0.06509775000000201,100.86414599999999
195,80.2191332204378,0.0338274999999915,100.950913
196,79.68760267126041,0.10512558333332699,100.804953
197,79.751833196166,-0.0372971666666674,100.78444300000001
198,79.4829982335605,0.23339100000000101,100.79389300000001
199,77.93847644684399,0.0737121666666691,100.414867
200,78.1463399593776,-0.10480316666667,100.64903699999999
201,77.9967739381675,0.21494883333333603,100.510141
202,78.50035495221029,0.18091908333332798,100.298447
203,78.0791962337776,0.0286895833333354,100.189533
204,76.9044748403105,-0.208962916666666,100.255202
205,77.1140247985994,-0.0440795833333224,100.50845600000001
206,76.2219572806664,0.0826677499999953,100.342276
207,76.7580862099944,0.16823658333332597,100.35717
208,76.77451122625509,0.163705500000011,100.036927
209,76.013443696506,-0.0768410833333277,100.084503
210,77.42465289603909,-0.0450304166666686,100.12540600000001
211,75.9209609995349,0.0969392499999901,100.142909
212,74.77239993070359,0.104672166666661,99.96381
213,75.89498501284879,0.0506097500000043,99.95500600000001
214,76.2216084084933,-0.0839848333333239,99.878248
215,75.2042989663729,0.0104771666666619,100.06573
216,75.714745059436,0.17077066666666502,99.84178399999999
217,76.68794826374109,0.0530422499999948,99.78902
218,75.2578232166352,0.0635852500000063,99.71381600000001
219,76.2242191279515,-0.0086479166666642,99.678493
220,75.5613924056474,-0.0569574999999958,99.720591
221,73.7117087234748,0.126944749999996,99.73944499999999
222,75.5842023023055,0.0685469166666633,99.517942
223,75.519593888868,0.126748833333329,99.58063800000001
224,73.4380209385759,0.18350233333333302,99.27269799999999
225,71.87492499482329,-0.13597825,99.298479
226,74.01306857962759,-0.11735683333333699,99.462698
227,72.22208160154541,0.138462416666661,99.468899
228,73.8462602445005,0.23751750000000196,99.227776
229,72.20557600052541,-0.0238088333333325,99.080652
230,72.3603057446413,0.0234773333333287,99.206932
231,72.6892120913827,0.12253966666667099,99.016441
232,72.655751614263,0.0830002499999954,98.995816
233,72.03482414095821,0.0091136666666678,98.8622
234,72.65198615397541,-0.0265187499999975,98.96900699999999
235,71.9303037104339,-0.0697822500000006,98.911333
236,71.59151025426449,0.0190175833333299,99.070655
237,70.9411763796291,0.303718333333326,98.837997
238,71.0025559168834,-0.0332681666666671,98.61053000000001
239,71.21395837834291,-0.24334633333332997,98.874953
240,70.5119766573543,0.0828465833333259,98.967085
241,70.94868659692621,0.11781391666667301,98.77028100000001
242,69.9854955847634,0.0352641666666725,98.767313
243,69.9406206228456,0.00472333333332979,98.69054399999999
244,71.1542403455303,-0.025982916666661,98.752359
245,70.3843145444365,0.0947219166666606,98.707329
246,69.9258361347122,0.0954070833333382,98.589798
247,69.8841788856527,0.0695787500000028,98.526719
248,68.91155983747089,0.0319395833333355,98.452364
249,68.7278939832695,0.07969425000000399,98.442802
250,70.2209271085706,0.0892056666666647,98.301737
251,69.3848318465007,0.0328545833333299,98.27803399999999
252,68.8146162588174,0.11632341666667,98.204688
253,67.9074911079081,0.158905666666661,98.060665
254,68.8490400349734,-0.102478833333341,97.95866600000001
255,68.6008054198416,-0.17849783333332997,98.216726
256,68.3986978500877,0.121363500000002,98.22343000000001
257,68.31688028848569,0.148296750000004,98.036803
258,66.9005529045344,-0.0105065833333278,97.97564399999999
259,66.4607705273531,0.0318004166666637,98.013999
260,67.3549198690959,0.04840341666666599,97.914919
261,67.6912212605593,-0.0139230833333327,97.932608
262,68.1226966824226,0.0999527499999964,97.905357
263,66.2854807061195,0.052131083333343,97.770426
264,66.4289996963662,-0.0457723333333308,97.816896
265,65.1244713204527,-0.117447500000009,97.850493
266,65.7090444621866,0.0176807499999931,97.996625
267,67.01715233367071,0.24340866666667105,97.798888
268,66.8825561911551,0.0193179166666653,97.616225
269,67.22634786855279,-0.0455776666666724,97.728197
270,65.920234247331,0.0564555000000008,97.662912
271,67.544352651171,0.11982824999999901,97.625452
272,65.7204401138234,-0.00990341666666457,97.471731
273,65.4948673301298,-0.11247583333333198,97.636688
274,66.55458680386779,0.0481145833333407,97.63395899999999
275,68.1249916420684,0.043476833333326,97.573566
276,66.0665969537895,0.0695191666666635,97.54413000000001
277,66.150813359481,0.0750166666666701,97.439778
278,66.3077636884868,0.0428020833333314,97.397885
279,66.4744180812125,0.260524416666659,97.30380600000001
280,66.57030118295079,0.08295441666667,96.96997900000001
281,66.7802291344008,-0.11807724999999498,97.14282299999999
282,65.7306437320276,0.124604416666675,97.105474
283,64.11984612904139,0.010060333333333,96.970839
284,65.6994948345055,-0.12249775,97.08936
285,65.8102814082954,0.0909630833333352,97.134635
286,64.7181163219749,0.127246083333341,96.94586899999999
287,64.7974735680315,0.0306569166666648,96.914468
288,65.4490238069269,0.0828761666666604,96.854977
289,65.3247489560251,0.00360241666666165,96.775382
290,65.67361246014829,0.00831208333334269,96.82769499999999
291,65.99963866435411,0.0955215833333286,96.739441
292,65.1742101445775,0.0469588333333325,96.667194
293,62.869077856446,0.0408910833333292,96.637633
294,64.88231055425179,0.0798792500000059,96.576737
295,64.664852863125,-0.00739441666667299,96.506478
296,65.4192330778131,-0.0381644166666639,96.57650500000001
297,63.831512613246204,0.0742944166666734,96.547044
298,64.0002453698777,0.12187708333333301,96.443292
299,63.601533175493,0.0631504999999978,96.332307
300,64.85559328863751,-0.0100232500000104,96.321134
301,65.7303641840589,0.0018473333333304301,96.327586
302,65.71177849404961,0.15322733333333802,96.28524499999999
303,64.5191147615124,0.138262,96.067363
304,64.4531910412776,-0.167271000000008,96.078078
305,64.1609631349105,-0.191444583333328,96.329394
306,65.2114080964118,0.13528433333333098,96.374241
307,64.43849684768479,0.103705750000002,96.139332
308,66.162226721079,0.0420609166666708,96.180994
309,67.1935558302495,0.104335583333331,96.02788699999999
310,66.7862620894972,0.104084083333343,95.987412
311,67.2293078289809,0.00716216666667198,95.842703
312,66.2821032927812,0.000723250000004801,95.948531
313,66.22654822623821,0.17115508333332996,95.802785
314,68.8537001830586,0.024369999999993997,95.67674699999999
315,67.6577625437951,0.0395458333333328,95.72229200000001
316,68.0834594757228,0.0404452500000036,95.597027
317,69.3302371444641,0.0522795833333376,95.639575
318,70.4525461384517,0.0508369166666623,95.500354
319,73.0598907612827,-0.14097916666667,95.576263
320,72.8472735493694,0.00749591666666897,95.700574
321,73.91053259610271,0.199458499999992,95.549585
322,72.6435675583967,0.0682658333333386,95.37688100000001
323,72.919242299983,0.121282583333336,95.38022099999999
324,74.3486022059049,0.0524334166666662,95.164852
325,75.6851660901912,-0.20333349999999803,95.30874399999999
326,76.51772572789959,0.14051024999999803,95.43426600000001
327,76.6709897434513,0.174560166666663,95.09553100000001
328,78.18621150246429,-0.0360327499999992,95.145271
329,79.47558835039919,0.10456741666666901,95.09150600000001
330,79.77233228964,0.0923639166666679,94.969673
331,80.0660713305865,-0.0908536666666653,94.94555600000001
332,81.7915480258259,0.0005029999999948129,95.086038
333,83.1823783844196,0.12245066666666601,94.932182
334,82.30259465894541,0.11864141666666499,94.868717
335,82.5557928179652,0.260691250000001,94.676396
336,84.5944234753055,-0.109676083333336,94.463447
337,87.5778235098683,-0.158277916666672,94.81831700000001
338,87.2809817450579,0.17169158333333898,94.687972
339,88.4834917013722,0.0622963333333348,94.573261
340,90.8543341396732,-0.0220295833333305,94.563298
341,92.371404957614,0.100167249999998,94.568481
342,91.8598375443712,0.13135516666666802,94.385377
343,96.4639645660442,-0.0366081666666685,94.3519
344,96.463399107199,0.0212004999999967,94.406912
345,96.03515140314761,0.0809875000000015,94.301463
346,97.3803973211702,0.18891591666665802,94.236287
347,97.0270782463829,0.195926916666661,93.95875
348,98.8610777688003,-0.182824499999988,93.932199
349,100.51667857838001,-0.136520583333328,94.219882
350,101.91822849698099,0.20192658333332897,94.131449
351,102.21731968152201,0.12163041666666498,93.914503
352,102.736931760035,-0.0552086666666642,93.912286
353,105.4987903007,0.216576166666673,93.92614300000001
354,106.511176909458,0.14403425000000197,93.562065
355,106.269900619412,-0.2700655,93.711649
356,110.40793246873501,0.0809203333333398,93.924745
357,112.833954518139,0.256036916666667,93.586797
358,114.694541466871,-0.0697465833333339,93.534293
359,118.554050914724,-0.10187400000000699,93.660476
360,117.573845045167,0.0879279999999945,93.67721800000001
361,120.61218819913799,0.20744475000000398,93.50770899999999
362,121.044395196755,-0.13666400000000697,93.367293
363,124.97441976668301,-0.00702566666666016,93.670413
364,122.57095503567301,0.30623591666666494,93.338882
365,123.151020003382,0.0310459166666585,93.196113
366,127.738902632542,-0.10896741666666802,93.247724
367,125.492355584664,0.154488916666672,93.3137
368,126.606793762695,0.307452333333334,92.971969
369,131.367519417152,-0.167297583333339,92.84394
370,132.91399276059602,-0.0965637499999919,93.17907199999999
371,132.160793282412,0.266713166666669,92.962953
372,133.072223820408,0.117816999999998,92.76530799999999
373,135.82237586936702,-0.0208379999999965,92.734386
374,137.489430735227,0.0126931666666602,92.76434
375,141.892281477691,0.0442643333333379,92.705153
376,138.961074713061,0.0194120833333322,92.683762
377,138.07429699913098,0.20715841666666102,92.62093399999999
378,142.351360318843,0.18759808333333303,92.323533
379,144.199941211122,-0.092164249999995,92.30922199999999
380,146.098818761636,-0.11069583333332902,92.441243
381,144.637196636529,0.19459933333332996,92.456643
382,150.816997583693,-0.047536500000002,92.174551
383,151.102094490741,-0.124779416666663,92.510878
384,149.45007324805,0.338670083333335,92.30468499999999
385,151.875955416153,0.0699562499999982,92.000362
386,149.36493072295,-0.12900166666666302,92.154464
387,154.221505444314,0.13307049999999598,92.148585
388,153.93122033314398,0.14792175000001,91.942449
389,153.207006458726,-0.0388994166666639,91.901088
390,158.779870910047,0.0746127499999929,91.949549
391,160.550395552807,0.25120216666667106,91.73859200000001
392,162.214329382624,0.0579596666666653,91.537834
393,159.891978577477,-0.127034166666673,91.621794
394,158.232554176111,-0.0025372499999925,91.71068100000001
395,156.23561557052798,0.23925691666666798,91.596958
396,161.705384798253,0.17413599999999602,91.308699
397,161.216097924078,0.0253927500000006,91.27702099999999
398,162.177245540503,-0.0538811666666668,91.240817
399,160.891782327312,-0.0526980000000007,91.358615
400,159.259304819168,0.0828597499999972,91.314877
401,164.416536135419,0.0107142500000054,91.237125
402,164.597479246359,0.0818513333333281,91.263214
403,164.828023817129,0.156846999999999,91.073882
404,164.955216804273,0.0407661666666807,90.991149
405,163.671002946567,0.16209958333333,90.942769
406,171.605899312432,0.13073566666667,90.70350400000001
407,169.748621141593,-0.0629906666666606,90.717917
408,170.645619921022,0.0380204999999911,90.761161
409,175.56962841812802,0.0992249999999935,90.648137
410,175.242302225161,0.000784333333333128,90.60151
411,172.30295686712398,-0.0413312500000037,90.63140899999999
412,174.29680537888697,0.100171583333334,90.636749
413,176.22872761609798,0.25269758333333997,90.434074
414,173.855402186286,0.0164974166666655,90.224889
415,175.619605629608,-0.08638183333333299,90.3689
416,174.106291234537,0.160695666666674,90.313326
417,178.245222315061,0.16309583333332597,90.104988
418,179.70410848619701,-0.0730570833333293,90.04194100000001
419,173.693621311204,0.105665249999997,90.15496999999999
420,177.39498333961998,0.24450758333332698,89.836497
421,173.87399679267298,0.12051816666666901,89.729419
422,175.526112001296,0.145310083333332,89.571624
423,170.31688611319998,-0.0214469166666748,89.48220400000001
424,175.521738761696,-0.15140458333332998,89.602498
425,174.407339844996,-0.037735499999999,89.719048
426,171.432624941194,0.18430016666666799,89.649521
427,175.13185112389098,0.18984441666666602,89.405562
428,177.477903156125,0.085004083333331,89.306212
429,175.812458659593,-0.0977454166666665,89.250709
430,175.30330017084702,0.0149596666666649,89.430746
431,176.57492177090697,0.0734669166666582,89.228889
432,176.627460911445,0.00536266666666781,89.31116800000001
433,175.828154057441,0.15302941666667402,89.175688
434,174.17084082193,0.0162255000000033,89.06949
435,175.842541221622,-0.092384500000005,89.13181800000001
436,173.90916366069197,0.24061366666667397,89.154914
437,170.859034418431,0.144457250000001,88.750466
438,176.10634687203498,-0.12066633333332699,88.906038
439,171.719265133423,0.11967016666666999,88.874297
440,176.35576070862203,0.201577333333335,88.69756600000001
441,175.232007491203,0.117279333333343,88.518732
442,176.253135780023,-0.0301060833333402,88.480446
443,171.48098770238101,-0.0495935000000074,88.544689
444,170.444483678842,0.0545295833333329,88.543949
445,173.92951651529498,0.175952500000012,88.431634
446,169.633646214644,0.160323083333329,88.230361
447,169.861818323726,-0.000183583333334051,88.14741500000001
448,172.75529339911702,0.00107741666666546,88.194074
449,170.97577076528998,-0.007317333333340059,88.139135
450,170.704284729725,0.12880033333333699,88.17705
451,175.194477884974,0.120296750000003,87.923415
452,173.083935728787,-0.23676758333333303,88.013918
453,171.746406923809,-0.12689724999999802,88.27764
454,170.36840766793802,0.382398333333337,88.169639
455,170.893649096415,0.35627383333332896,87.646416
456,172.84047239497102,-0.0230581666666616,87.55290600000001
457,172.63847258516498,-0.0767065833333334,87.619062
458,169.064154721983,-0.0642172499999987,87.674109
459,171.344431272677,0.173842333333329,87.695561
460,171.91545817454102,0.134188583333325,87.39429100000001
461,170.591799124923,-0.0598859999999964,87.466626
462,171.449016298832,0.0242710833333355,87.452892
463,166.11387251135798,-0.0497078333333339,87.445737
464,171.048694535961,0.0172857500000039,87.51843199999999
465,169.209304153027,0.14216758333332902,87.394452
466,168.31332262869,0.222236416666669,87.25004100000001
467,169.14896131529198,0.0915177500000048,87.00461999999999
468,166.360400191932,-0.0434635000000038,87.066613
469,168.412126424376,0.11227341666666,87.02524100000001
470,165.35377629945899,0.024096916666668,86.893447
471,164.238572386045,-0.0162316666666638,86.966573
472,167.815299094383,0.12188275,86.886432
473,170.289598909258,0.0196811666666612,86.774341
474,170.333075362752,0.0589225000000049,86.818184
475,168.298161650391,0.09530433333333001,86.656763
476,171.354681868027,0.0307775000000004,86.652878
477,171.139759138908,-0.0348215833333316,86.595545
478,171.533356791178,-0.0216796666666722,86.69776999999999
479,168.359179111339,0.187895833333333,86.59804
480,169.855902586809,-0.0119848333333259,86.41268199999999
481,165.369409151793,0.0362487499999998,86.569591
482,166.154415233292,0.138794,86.32636
483,171.96532714274602,0.0224590833333285,86.342449
484,168.516361363414,0.0151710833333342,86.261074
485,170.08005279713,-0.0354234999999979,86.316812
486,168.119695260741,0.0271355833333284,86.303317
487,170.503101290165,0.11618891666666499,86.25531099999999
488,171.731620471684,0.103755583333333,86.094693
489,175.764385953301,0.132634666666664,86.042087
490,169.295518367222,0.116549333333333,85.84259200000001
491,165.948240043103,0.0192255833333306,85.830119
492,167.733631358071,-0.0613967499999883,85.79754100000001
493,165.921107343789,0.00953400000000452,85.912386
494,164.641278749457,0.148024499999991,85.76396700000001
495,165.84827370270202,0.0242910833333336,85.675935
496,169.19149937058998,0.065321000000008,85.682227
497,167.274878898126,0.0925833333333384,85.549959
498,169.628540370926,-0.0720732500000025,85.54001099999999
499,168.495749483331,-0.0630305000000024,85.64920699999999
500,168.98784994626,0.165737833333325,85.61133199999999
501,170.026522656833,0.21303324999999898,85.364161
502,172.37864726924,0.0313060833333362,85.248497
503,174.29813069200299,-0.167176333333337,85.302926
504,171.771982602354,-0.0447417500000071,85.497125
505,171.70786492203,0.27760733333334403,85.34706899999999
506,168.88918451606702,0.0527390000000049,85.06474
507,166.96229882505,0.15780624999999698,85.175134
508,164.528880971156,0.269727333333324,84.754513
509,172.558662758958,-0.17673625,84.758928
510,172.95719762616798,-0.0246167499999892,84.97182
511,173.632998370766,0.148414750000003,84.792755
512,174.43770401274102,0.09669883333333,84.72972800000001
513,174.17609239650002,0.0680119166666628,84.603169
514,173.577210194188,-0.0665610833333368,84.61551800000001
515,176.596810084816,-0.0571299166666617,84.69521800000001
516,177.13357324636502,0.227612416666663,84.667387
517,178.111882581414,0.119271833333336,84.332562
518,180.567224028204,-0.0529859166666616,84.445619
519,178.65095222498903,0.162253083333328,84.352336
520,180.00245969783,0.0542001666666773,84.189748
521,182.187422185859,-0.00578566666667039,84.23263100000001
522,183.207480050492,0.243245666666665,84.13838100000001
523,186.55421759210702,-0.0722854166666629,83.871972
524,184.71238156773202,-0.134996500000002,84.223424
525,180.78850612981097,0.21996025,84.04555
526,187.132641688424,0.00944858333333443,83.90704699999999
527,192.137087253622,0.0363261666666605,83.980479
528,188.513666078862,0.13134899999999303,83.816239
529,187.91717886821,0.0613443333333403,83.755
530,186.188031236154,0.0690357500000012,83.67940300000001
531,190.72841226205298,0.0547953333333335,83.621923
532,189.857869154119,-0.007405333333329859,83.580052
533,190.00056401510898,0.00630791666666515,83.617736
534,189.201145295428,0.0361919999999998,83.55704300000001
535,191.67141127654,0.21878966666667002,83.51354599999999
536,191.70309594968003,0.17134799999999697,83.180836
537,196.918703554503,-0.141071000000004,83.23355600000001
538,193.44209217046,-0.0962499999999965,83.373299
539,193.70969202276902,0.20986149999999298,83.360398
540,192.921989473863,0.161933833333335,83.040572
541,197.351456307457,-0.0940750833333333,83.090078
542,199.010119448584,-0.0329674999999945,83.153945
543,196.760291066134,0.0590499166666601,83.138481
544,201.262873058263,0.18789224999999402,83.032186
545,197.19460471206799,0.0481581666666777,82.824605
546,202.08275898918097,0.0893074999999979,82.897644
547,201.85131656625802,0.17322233333332998,82.640043
548,200.61203114358997,-0.0859156666666673,82.62738
549,198.09151225661302,-0.0468905833333331,82.741161
550,203.86152520086299,0.173933833333336,82.6756
551,202.98208991858502,0.098826416666661,82.463116
552,200.12982154618197,-0.0335469166666679,82.490226
553,206.73156294277803,0.21985999999999697,82.444086
554,205.236138864907,0.179778249999996,82.120797
555,206.464876847062,-0.11765358333332902,82.146004
556,207.08121688317502,-0.0303933333333338,82.262909
557,209.02705098369898,0.193346000000008,82.169139
558,210.916354611577,0.148853999999991,81.94115699999999
559,210.478275902567,0.0409020000000003,81.89214
560,211.87014135989799,0.040323333333338,81.83316500000001
561,211.058799985484,0.10692924999999599,81.796027
562,211.773954954263,0.0163224999999988,81.656133
563,214.594614129691,-0.07519333333333,81.759035
564,211.15968060582802,0.16227200000000502,81.733099
565,212.601068581963,0.0767057499999986,81.509435
566,208.851843558486,-0.146572083333333,81.606597
567,213.907295120102,0.22471983333333398,81.667488
568,215.047238894702,0.255036083333337,81.238658
569,212.51574750367502,-0.14332283333333998,81.262561
570,220.08854204029097,-0.12412358333333502,81.427614
571,216.25946548981898,0.080827083333336,81.459262
572,207.583207983,0.0211015000000003,81.322783
573,216.994306405039,0.0790918333333318,81.393838
574,216.267344455038,0.170982166666668,81.15744000000001
575,214.014974123553,0.137150666666672,81.08561999999999
576,216.020620284613,0.00614458333333445,80.908825
577,216.10188266520697,-0.0663789166666741,81.050726
578,213.395439947034,0.282344666666674,80.952023
579,212.007750122957,-0.0250287500000018,80.63465699999999
580,217.248670901633,-0.200867750000008,80.968409
581,219.659914885826,0.298331666666662,80.881469
582,218.250991347585,0.15557383333333,80.51610600000001
583,220.63639236039398,-0.0537307499999974,80.596213
584,218.85718143652198,0.0269670833333346,80.553247
585,219.288585557371,0.12743349999999498,80.533828
586,219.55708028790798,0.0621670833333295,80.340631
587,217.840538775742,-0.0724620833333323,80.424487
588,220.57625877246602,0.0474957499999912,80.424524
589,224.093411120374,0.15189133333333,80.335427
590,220.942942128791,-0.0895285000000001,80.1981
591,220.210242646385,0.00961191666666868,80.43579100000001
592,222.023585948977,0.23060025000001003,80.153094
593,218.109719555126,-0.0739348333333266,80.090722
594,218.06856478666901,0.0781648333333263,80.204751
595,219.604788226017,0.0762742499999997,79.96182900000001
596,217.527228506101,0.0475276666666709,80.059928
597,213.83880850846,0.12180008333332902,79.847429
598,211.85461933299,-0.0244818333333316,79.859883
599,214.40274178166598,0.16079975000000196,79.82307
600,216.277007601357,0.21154025000000498,79.571274
601,216.62471632829602,-0.0165814166666678,79.468154
602,210.72027047918,-0.0396765000000047,79.559038
603,211.888784888221,0.00349766666665966,79.526205
604,212.954897697363,-0.0235374999999986,79.559564
605,210.98209138798802,0.22125091666666696,79.51433399999999
606,214.699020151832,0.212798999999994,79.18162
607,211.200727816735,-0.0816255833333261,79.157664
608,204.686950803932,-0.0109606666666705,79.259792
609,206.254338051737,0.12206391666665699,79.16020300000001
610,203.710805100499,0.0413300833333459,79.07040400000001
611,209.9984555637,-0.17278158333332996,79.107327
612,209.541201895297,-0.0715442500000059,79.33274499999999
613,209.796152699902,0.332290999999991,79.185552
614,210.59447821631,0.00775224999999935,78.837673
615,205.987795594418,-0.15403675000000303,79.13424300000001
616,206.79795970537103,0.238685666666665,79.0153
617,201.570598732868,0.20210200000000397,78.758127
618,206.617598575122,-0.16416025000000198,78.692973
619,202.82700112310798,-0.0982341666666535,78.980851
620,203.38604167428198,0.20124491666665498,78.827169
621,199.24266115903598,0.182931583333331,78.652885
622,202.990816875555,0.11594925000000099,78.484184
623,197.56233332937,-0.0147602499999984,78.43215
624,198.17391302980099,0.140657333333333,78.45268
625,197.62828324934299,-0.040096583333329,78.22373
626,199.50408023688598,-0.0834443333333337,78.504712
627,193.857863422033,-0.0514459166666737,78.36724699999999
628,194.728343118328,-0.0203572500000059,78.59948399999999
629,196.865540255895,0.229339250000001,78.36455500000001
630,197.02778483156501,0.0647264166666718,78.238889
631,195.83720244130902,-0.0863386666666652,78.23455799999999
632,192.369877415006,0.0755170000000061,78.336225
633,194.14143542611902,0.11142883333332902,78.107179
634,190.203832742873,0.105027249999997,78.12606099999999
635,188.922578079236,0.146688250000006,77.890392
636,185.87450209916,0.0561953333333266,77.862256
637,185.256365548903,0.0717609999999975,77.756998
638,186.676816175199,0.0122693333333335,77.733253
639,186.82174659343602,0.0117415000000006,77.7195
640,186.27561993856602,0.000278500000008582,77.70950400000001
641,183.499045097238,0.034342916666669,77.707904
642,183.881001968546,0.0590919999999938,77.643827
643,179.92451572289298,0.0161814166666699,77.606199
644,181.999541089519,-0.0161680000000004,77.604968
645,181.088589976288,0.16352975000000197,77.59120899999999
646,179.599727146858,0.145297166666669,77.329891
647,175.595625754118,-0.165711250000001,77.36794
648,174.475903960889,-0.0701539999999975,77.562382
649,171.595634101931,0.207081416666668,77.462602
650,169.94298800052601,0.07921575000000299,77.245339
651,171.97356793753897,-0.08810608333333998,77.31657299999999
652,168.384682321187,0.0529496666666643,77.344739
653,165.522876138347,0.237341249999991,77.200529
654,163.12164241673798,0.0895434999999954,76.952383
655,162.10164351510798,-0.0744642499999924,77.02582
656,162.057384089753,0.11231425,77.021589
657,164.280793971701,0.0060365833333312,76.860606
658,162.908120097375,0.0445444999999959,76.978442
659,157.222986961016,0.184894583333331,76.75308299999999
660,158.556408497593,-0.0677274999999931,76.695939
661,155.935718840048,-0.0017100000000051302,76.819317
662,158.731790817381,0.0509084166666559,76.695584
663,158.358138410693,0.0460992500000058,76.72972299999999
664,154.094073717896,0.12069258333332902,76.590088
665,153.924407798137,0.0271220833333376,76.52854
666,154.467853915506,-0.0449240833333325,76.53443100000001
667,152.672318282812,-0.10957383333333502,76.609932
668,155.337351679881,0.0190179999999908,76.702135
669,151.637543938795,0.23511200000000199,76.555286
670,149.02694352803002,0.0587181666666687,76.325479
671,146.08214561868098,0.0092285833333321,76.418028
672,145.213764882644,-0.0813569166666639,76.308689
673,145.534702869007,0.0194168333333273,76.53170899999999
674,144.88912910174,0.178483000000008,76.25864399999999
675,142.59306549042,0.0220888333333373,76.25067
676,145.84880320737102,-0.0753270000000062,76.202173
677,144.47989063338002,0.0534949166666602,76.345007
678,142.403406173537,0.11685591666667,76.10941600000001
679,140.373736858002,0.0218637500000073,76.150553
680,146.958330334769,0.0120613333333341,76.048812
681,145.17940864400802,0.00376533333333147,76.12254
682,140.78711033186198,0.0428768333333333,76.030048
683,142.248494771888,0.0260552500000083,76.045625
684,142.048771664849,0.169108750000004,75.948014
685,138.34721893033702,0.00329133333333213,75.778931
686,138.110958338011,-0.10562366666667698,75.925801
687,139.59374155777002,0.138882083333327,75.90741700000001
688,140.516211645769,0.13779008333334303,75.70841800000001
689,137.558046662099,-0.18034699999999898,75.706452
690,136.19650834346,-0.0922825833333375,75.971562
691,136.163341824893,0.15392433333333,75.848405
692,134.85414675549,0.0811034999999952,75.736651
693,134.961400330554,0.0878971666666726,75.674256
694,131.44496260719998,0.160816749999994,75.551612
695,132.941334864757,-0.0881307499999977,75.422859
696,130.501335949381,-0.0232770833333298,75.655276
697,131.122134218014,0.13544758333333,75.445999
698,127.786301369114,-0.0294684999999942,75.45740699999999
699,127.399208149897,0.0036685833333294205,75.465278
700,126.369926863999,0.0135642499999946,75.45588599999999
701,126.877494108216,-0.166929333333332,75.47785400000001
702,125.158542997823,-0.0692655833333274,75.720786
703,127.26203690643801,0.17342508333333403,75.581326
704,124.933721303628,0.0775902500000013,75.452475
705,125.28020376243201,0.0771629166666656,75.412467
706,122.879538768809,0.0790251666666677,75.300997
707,121.25069221966999,-0.11306358333332599,75.295457
708,121.521807206229,-0.061880833333344,75.464697
709,119.208609838972,0.22414983333333702,75.36530400000001
710,121.813386966192,0.0869584166666719,75.117203
711,119.416114546381,-0.0939474999999987,75.205303
712,117.274237513545,0.051864166666661,75.22819
713,117.656713153368,0.0694350833333317,75.12583000000001
714,114.336943925051,0.0371115833333325,75.103789
715,115.189585198668,0.060533833333339004,75.043316
716,116.384490384482,-0.0515306666666658,75.013417
717,115.163014260038,-0.11631358333333,75.12926
718,114.30700638940701,0.12295983333333198,75.172973
719,113.06673183535901,0.21461758333332998,74.924001
720,110.121208864033,-0.14153808333332998,74.846863
721,112.77492195814501,-0.000999583333335607,75.095791
722,111.494255718556,0.11158316666667098,74.848836
723,111.743108288741,-0.00520124999999301,74.92779
724,110.15585210959499,-0.0330800833333349,74.841853
725,108.074126283476,-0.0107621666666683,74.977512
726,106.743292217332,0.0854284166666659,74.849651
727,106.122876000577,-0.0885498333333352,74.861028
728,105.750824418683,0.13455583333333002,74.93512199999999
729,102.550699274568,0.369113166666665,74.598682
730,102.970474503151,-0.0974304166666589,74.365553
731,102.35154492595699,-0.336772499999999,74.733834
732,100.649092169494,0.22271008333332998,74.847173
733,101.448522088209,0.26205574999999803,74.410372
734,99.1969633809801,-0.20797308333332698,74.450378
735,97.6934698756603,-0.148334416666676,74.704143
736,97.3516158759982,0.0348554166666671,74.70166400000001
737,97.6272880002596,0.224476083333335,74.640647
738,100.314326393354,-0.0227028333333372,74.360675
739,98.220797116665,-0.21541008333333897,74.669944
740,95.2064618570714,0.137375249999999,74.663606
741,96.6585931536779,0.10377283333333502,74.479174
742,94.70559846719591,-0.007071750000001491,74.483018
743,94.2139933090542,-0.0252114166666644,74.470514
744,92.2046585032272,0.0344189999999998,74.509465
745,91.7841849224127,0.17829666666667005,74.38821300000001
746,91.0985809917687,-0.059538083333333006,74.237638
747,91.16896787535579,0.0397417499999998,74.435458
748,89.08474784928758,0.0612569999999965,74.17296800000001
749,90.86188004314221,-0.0942985833333291,74.34775400000001
750,87.2803629824399,0.16089483333333898,74.27109
751,86.9113710487711,0.13754524999999898,74.088851
752,86.5969348574479,-0.00361983333332579,74.032482
753,85.1491440246863,-0.129509749999999,74.089433
754,86.73624921491378,-0.0267906666666621,74.23230799999999
755,84.5097869653081,0.101768249999998,74.133342
756,83.7334224217678,0.10807608333333399,74.06226600000001
757,82.25777393516029,-0.0261479166666637,73.950316
758,82.54805856224259,0.070667083333331,74.06501300000001
759,82.8769479646481,0.0228171666666685,73.841543
760,83.103708460512,-0.13663025000000198,74.040087
761,82.7319334487791,0.0970869999999936,74.024714
762,82.1998015012075,0.1353055,73.89081800000001
763,81.70843115584991,-0.0593993333333339,73.812435
764,78.44882744901,-0.0731134999999957,73.965521
765,79.79156551605601,0.12197249999999901,73.90954599999999
766,78.8197978347007,0.020371333333338,73.79034399999999
767,78.6695625712409,-0.100927833333331,73.874689
768,77.36374134802558,0.0366861666666658,73.93112099999999
769,76.2194764061113,0.0629744166666721,73.824628
770,73.4207255279949,-0.00550141666666448,73.83009
771,73.913414769994,-0.000913666666663223,73.82213399999999
772,75.7591775904782,-0.0982395833333361,73.845152
773,75.0055345799938,0.17513341666666002,73.93415999999999
774,72.56907509113009,0.26224991666666897,73.547423
775,73.5737895951838,-0.20658691666666198,73.541903
776,71.5724024128197,-0.22150599999999898,73.854095
777,71.9678407911269,0.0393359166666585,73.908493
778,71.7510914034028,0.0837176666666638,73.822071
779,69.8218662349085,0.0948794166666715,73.75774200000001
780,68.4564362776635,0.0222029166666668,73.652699
781,67.0722116065622,0.0508904999999977,73.69207
782,67.563680408579,0.0421134166666685,73.56313
783,67.0427409205996,-0.17640591666667602,73.651876
784,65.9942724341862,-0.0762318333333359,73.836508
785,65.9087987406567,0.194796500000001,73.76222299999999
786,65.8389370618435,0.12932600000000502,73.531124
787,64.9617116920822,-0.0961709999999971,73.546362
788,63.05666947927529,-0.0769804166666669,73.661532
789,63.3821812089258,0.13110891666666302,73.65143499999999
790,63.8771342555119,0.154752416666668,73.44794300000001
791,64.6336257405844,-0.123313666666666,73.410957
792,63.086928846938704,0.0434792500000055,73.594737
793,64.3720629578446,0.10609749999999499,73.346023
794,63.2227876002849,-0.130435666666667,73.450222
795,59.1676943780041,-0.0142632499999908,73.52800699999999
796,61.0796538914435,0.0408784166666637,73.485381
797,61.0966177317196,0.0687298333333324,73.456136
798,61.233919093848,0.0361271666666667,73.36579499999999
799,58.921657276214,-0.0440518333333297,73.396077
800,57.6029538710277,-0.05872433333333401,73.438435
801,57.400514774456994,-0.0748150833333353,73.508634
802,57.316526506034606,0.005526166666663571,73.561559
803,56.6291092330432,0.159890250000001,73.483288
804,57.173877418341206,0.0771664999999982,73.30198100000001
805,57.56334208590879,-0.0840605833333411,73.350693
806,55.8836835625756,-0.0647012499999929,73.426797
807,55.7350645529852,-0.0394149999999923,73.473089
808,56.0245028290045,-0.0153526666666638,73.504734
809,56.2815064039762,0.0164884999999977,73.501209
810,55.364800368694404,0.0811609166666625,73.467525
811,57.430427651517704,-0.0125864166666609,73.37327900000001
812,55.905955763272196,0.0692899166666704,73.455225
813,55.5986334239516,0.0675870833333292,73.251772
814,54.995425912734696,0.0459094999999993,73.326948
815,55.258605496178596,0.0375799166666712,73.158108
816,53.13681369361171,-0.0203451666666759,73.256827
817,53.1825979942348,0.19552283333332998,73.141763
818,50.9308927660394,0.037391833333338995,72.952046
819,52.1822962287161,-0.0908083333333316,73.06613399999999
820,52.180005834239395,-0.0976798333333295,73.100497
821,51.6785669127385,-0.0328379166666733,73.239671
822,49.8516651276908,0.0290850833333292,73.168184
823,50.0216973351629,-0.0535534999999996,73.213575
824,50.70208023857389,0.0331462500000003,73.24075
825,49.815950240646295,-0.0300481666666694,73.177557
826,48.647515264572895,0.00116508333332869,73.277795
827,48.585584824570894,0.15853625000000598,73.149357
828,48.31282844827889,0.0348756666666669,73.029131
829,47.3926551013678,-0.138344583333333,73.09068
830,48.0592195033988,0.0322839166666711,73.226887
831,47.5250196716687,-0.026585999999997,73.07127
832,46.6095843038713,-0.00914616666666982,73.261258
833,45.581877795058794,0.217034083333323,73.046616
834,45.597061392238,0.0591296666666672,72.919901
835,45.725839311536795,-0.16017724999999,72.944823
836,45.538068802081696,-0.0442909166666693,73.15647
837,46.2629195098324,0.127163999999995,73.017041
838,45.8877169245836,0.0237009166666624,72.966154
839,44.2782956255773,0.0578543333333326,72.948263
840,43.399771289661,-0.116365666666666,72.89065699999999
841,43.3849322067551,0.0342159166666628,73.10731700000001
842,44.70587233816379,0.0884931666666707,72.842198
843,44.5581395787535,-0.0269134999999944,72.971182
844,44.665785846117295,0.0124648333333267,72.863495
845,44.73579340093799,-0.0122092500000003,72.95473100000001
846,43.056635078517104,0.10000700000000401,72.860168
847,43.2069553249882,0.0482549166666573,72.798055
848,43.30719075722429,-0.22272858333332995,72.810171
849,41.5921022509172,-0.0337451666666576,73.133814
850,42.1023046334198,0.17100200000000398,72.873497
851,41.6475234803168,-0.0910775000000032,72.899721
852,41.3556705958916,-0.0354234166666707,72.989451
853,41.2391369557166,-0.0179207500000018,72.96851600000001
854,41.6324626149664,0.149060916666663,72.998776
855,40.38228057161879,-0.077518166666664,72.759272
856,39.6556005481937,-0.107742916666669,73.10423
857,39.5166297353545,0.26951241666666104,72.88193000000001
858,38.6874728025117,0.12208791666667099,72.687125
859,38.384955982419,-0.0696984166666693,72.656581
860,38.7065801078003,-0.0162184999999996,72.76649300000001
861,38.3176076776096,0.0622271666666686,72.680493
862,37.0153278112491,-0.0482600000000109,72.683799
863,37.917853492828996,0.0038575833333366,72.741755
864,37.320486941972604,0.0424674166666676,72.67746899999999
865,37.596982398574,0.004095916666667421,72.676144
866,36.5551405947219,-0.0232391666666665,72.66852
867,35.810515966487,-0.0562374166666698,72.719314
868,34.468235850373304,0.0830728333333361,72.743959
869,34.446505843728,-0.0265389166666689,72.604807
870,34.1452964191372,0.10810633333333099,72.749338
871,33.9682383864988,0.0450022500000079,72.44387900000001
872,34.077832038927,-0.504687083333335,72.753811
873,34.1753123686129,0.10770549999999302,73.18061800000001
874,34.0471291607761,0.49953683333333293,72.587005
875,33.0781144462678,0.0082912500000063,72.40189699999999
876,33.6885233921535,-0.232923333333331,72.518485
877,34.3444017741609,0.0716886666666656,72.731953
878,34.1034729547672,0.12730766666666601,72.432373
879,33.5660120749678,-0.24642575,72.573265
880,34.627185994238204,0.0144664166666691,72.776673
881,34.816121672738596,0.325655583333331,72.52924399999999
882,34.7530861369251,0.12418783333333601,72.25380200000001
883,35.69650205868629,-0.137695083333333,72.298164
884,35.657146309148004,0.0849747499999959,72.418287
885,34.9271559723654,0.0129103333333364,72.19278299999999
886,34.8812083791001,-0.226003750000005,72.430451
887,35.5234849199386,-0.0848984999999966,72.5504
888,34.7616229120466,0.192956333333335,72.567178
889,34.1870808583784,0.0622885833333283,72.26781700000001
890,33.7461606109762,-0.261295083333331,72.485263
891,32.9149344231039,0.0542555833333319,72.642543
892,32.7950270583209,0.10930383333333198,72.429445
893,32.2324469061629,-0.0110571666666696,72.47234
894,31.7225628979979,-0.0613171666666664,72.435285
895,32.1484410892377,0.0500209999999998,72.556577
896,30.912019133509997,0.0183118333333354,72.367535
897,30.680853550904605,-0.0632541666666645,72.530592
898,30.663347342358797,0.0593327499999946,72.447147
899,29.767052025492703,0.0892759166666674,72.434423
900,30.231704663625603,-0.0777924166666584,72.310176
901,30.551421836096697,0.12314408333333099,72.506135
902,29.617353672346898,0.26789516666666197,72.087334
903,29.1866613024216,-0.308297916666666,72.129416
904,28.8858580089253,-0.0237507500000026,72.511166
905,28.3364566702355,0.13275291666666197,72.197216
906,27.980179245419198,-0.14166508333332598,72.344725
907,27.652331391350497,0.0127742500000008,72.390923
908,27.3744010661012,-0.064841833333342,72.36084100000001
909,27.0910495710734,0.0550613333333369,72.479435
910,25.9553031549136,0.0727566666666715,72.27471899999999
911,25.7994006442802,-0.0457525000000049,72.36268299999999
912,26.278292157701603,0.138039166666667,72.29990500000001
913,25.8031265307582,0.134556999999999,72.131893
914,25.377883191602802,-0.0896205000000011,72.084869
915,25.2755896434272,-0.071387916666661,72.257079
916,24.972946193722,-0.0792515833333347,72.22594699999999
917,24.5766327792312,-0.0515313333333296,72.403862
918,24.335835154611896,0.0701008333333301,72.308114
919,24.7723882542526,0.0451610833333286,72.29603900000001
920,23.963352895329102,0.117207083333336,72.204573
921,23.325206350363196,-0.0579450833333262,72.117467
922,23.202065204502002,-0.0793822500000019,72.286023
923,24.2123462046003,-0.0283955833333375,72.252298
924,25.2876927915009,0.0741027500000015,72.330634
925,25.1974670613701,0.0697289166666621,72.133608
926,24.332579602417002,-0.0967084166666687,72.225736
927,24.240887718660396,0.07257983333333701,72.249861
928,24.7476079221781,0.17448341666666797,72.100157
929,24.4528477030973,-0.16197358333332698,71.999934
930,24.1691977289261,-0.0425220833333348,72.320121
931,23.7211746802563,0.170540166666664,72.06589
932,23.4691652249958,-0.237865333333327,72.11754
933,23.8557375669232,-0.148004416666668,72.425768
934,22.9738887954701,0.210750166666665,72.344761
935,22.7322646541988,0.137994166666664,72.107605
936,23.0971115381158,-0.00296774999999864,72.101238
937,22.8989445819098,-0.27458075000000304,72.133514
938,22.490865520471303,-0.000699416666671245,72.51642
939,22.8719543238802,0.28501000000000604,72.13409200000001
940,23.143366010444304,-0.0811775833333321,72.09746899999999
941,23.0160391861333,-0.0179662500000018,72.202026
942,22.123554908174,0.265568416666672,72.085761
943,21.770572766321102,-0.14286441666667002,71.824833
944,21.975614187670498,-0.0872392500000044,72.266746
945,21.738217024675997,0.24068641666667104,71.93553299999999
946,21.963251655787698,-0.0337573333333362,71.92449
947,22.5056413045062,-0.134588166666666,71.975022
948,22.0873690902505,-0.23874758333333101,72.17756999999999
949,21.498224768244,0.107050833333333,72.345115
950,21.160977173622104,0.215708250000005,72.020263
951,21.0745223405957,-0.0293338333333419,72.001176
952,21.044714852464896,0.0341605833333318,72.014557
953,20.6069368188892,-0.00302416666666261,71.947461
954,20.2646632524775,0.0663774999999956,72.00046999999999
955,20.7067096515597,-0.0260944166666578,71.85219000000001
956,20.217990255828102,-0.11659758333333399,72.048919
957,19.5837394070435,0.0638600833333266,72.02192
958,19.8481650221966,0.0849170000000032,71.95913900000001
959,19.1846739272756,-0.0923549166666694,71.90027099999999
960,18.810082497282,-0.0720090000000037,72.09473100000001
961,18.386737836675803,0.144373833333335,71.998397
962,18.189946499014102,0.0562539166666708,71.880039
963,18.8443122902058,-0.150711083333328,71.915221
964,18.8071537611537,-0.0334917500000055,72.10436999999999
965,18.092402019775697,0.0597380833333384,71.984512
966,17.7881964829238,-0.0761337499999992,72.032466
967,17.6234379075952,0.163589583333327,72.056846
968,17.5299148244672,0.125219000000004,71.769437
969,17.9051681527489,-0.0462434166666637,71.843355
970,17.2637637576512,-0.0663680000000018,71.827166
971,17.061934694270402,-0.0858816666666643,71.963757
972,15.9323628889218,0.19092183333332896,71.936237
973,15.7705653883398,0.0123700000000018,71.685343
974,15.7119613274528,-0.0432070833333308,71.890916
975,16.011097357585097,-0.00803291666666321,71.749629
976,16.059098009567002,-0.11766200000000199,71.93204
977,16.3918344824051,0.0680141666666607,71.91794
978,15.809948283126301,0.11533458333332902,71.82545999999999
979,15.6001116286779,0.10868650000000502,71.71315899999999
980,15.775463977248199,-0.213826666666665,71.677807
981,15.988078635471098,-0.137146083333334,72.040954
982,15.9323753298947,0.239650249999992,71.8819
983,15.386797426413699,0.0205973333333323,71.70015
984,14.0373057824941,-0.114422999999994,71.827178
985,14.1699760925432,0.0695679166666695,71.850346
986,14.177687010617198,0.16586899999999802,71.710392
987,14.4103719498489,-0.0825990833333374,71.600677
988,14.5065159784055,-0.0904705833333364,71.820254
989,14.475653983387499,0.0741213333333341,71.73805300000001
990,14.0307836090502,0.0247647500000075,71.723753
991,15.074073218732,-0.15446058333333998,71.718125
992,15.2648943481592,-0.0378752500000038,71.958007
993,14.3621723533043,0.24217083333334,71.758558
994,14.7316792631964,0.0171326666666722,71.592714
995,14.579077923013502,-0.0734669166666665,71.701831
996,14.433507470345099,-0.0532819166666686,71.709783
997,14.2763145427984,-0.0824395833333291,71.813507
998,14.4218394768259,0.00647049999999775,71.846739
999,14.7410585430372,0.0450320833333275,71.808204
1000,14.070549285600901,0.19567316666666898,71.745005
1001,13.7486396364449,-0.198942999999996,71.54002
1002,13.6785428720721,-0.22625716666666898,72.049345
1003,13.548399819161599,0.31512708333332895,71.85560799999999
1004,13.911168417973098,0.270398249999998,71.55462299999999
1005,14.078269966249302,0.11430458333333197,71.36376899999999
1006,14.2870326335444,-0.196701166666665,71.359412
1007,13.9307571167678,-0.13428025,71.665575
1008,13.6822692988046,-0.00940208333333814,71.608657
1009,13.525115207035402,-0.17926358333332798,71.74636600000001
1010,13.9973297555341,-0.0249989999999952,71.892915
1011,14.209852472354699,0.161542333333332,71.788476
1012,14.890407671062,0.0414084166666603,71.645549
1013,14.905795645202101,-0.0654682500000033,71.705946
1014,15.977377212119698,0.0221807499999992,71.729576
1015,16.0735976285988,0.0472017499999957,71.675073
1016,16.2062716538696,-0.0566315833333254,71.664734
1017,15.954431089946599,-0.010475333333325001,71.753631
1018,15.4345322104155,0.0569954166666603,71.678461
1019,15.0403124433112,0.0495497499999959,71.659185
1020,14.951555278076698,-0.0212395833333285,71.593111
1021,14.8732014973874,0.0804609166666665,71.665428
1022,14.6762427034381,-0.00786816666666823,71.47353000000001
1023,14.676749719591,-0.0335084166666597,71.668068
1024,14.230882794015802,0.0433480833333325,71.519813
1025,14.3037174062765,-0.131769750000006,71.63359100000001
1026,14.1768540784273,0.00463625000000079,71.71789100000001
1027,14.1585370628157,-0.0850681666666624,71.67145500000001
1028,13.659673892915,-0.14895250000000199,71.87836
1029,13.7138153277721,0.0926285833333319,71.896525
1030,13.305166058798099,0.16202150000000798,71.731021
1031,13.284967591289899,0.14603491666666502,71.604286
1032,13.3536677347347,-0.0823861666666694,71.484706
1033,13.561896789149802,0.10314374999999901,71.67842399999999
1034,14.056891257556,0.0284650833333361,71.335491
1035,13.897348870239801,-0.167522249999996,71.648291
1036,13.643472470269499,-0.00437258333333664,71.585223
1037,13.3098865034781,0.10068908333333501,71.666013
1038,13.366945430328801,0.0670005000000072,71.424796
1039,13.647936507707099,-0.17402375000000903,71.573144
1040,13.9474603239964,0.159880833333332,71.646277
1041,13.99703391187,0.0617325000000063,71.349576
1042,13.5872429367535,-0.15459175000000303,71.554822
1043,13.431999183533499,-0.0370973333333389,71.58229399999999
1044,13.5639931255975,-0.0734219166666676,71.65292
1045,13.8640050660128,0.0845398333333414,71.689192
1046,14.0405595899496,0.0575167500000037,71.528943
1047,13.7729362726919,-0.114334500000004,71.604956
1048,13.6182982511007,0.11212399999999902,71.66923299999999
1049,13.629400321866699,0.0933408333333314,71.439498
1050,14.010876011403502,-0.225945416666673,71.55076700000001
1051,14.124544211602002,-0.0628594999999971,71.77731800000001
1052,14.3647497887234,0.136819,71.660448
1053,13.869969596370499,0.101318249999994,71.562632
1054,13.5525521803976,0.0290613333333347,71.475107
1055,13.820545907335598,-0.0742369166666658,71.510409
1056,13.216018791239998,-0.0694787499999971,71.5914
1057,13.1641291127988,0.15033,71.602133
1058,13.0037002460342,0.000288333333338405,71.37515400000001
1059,13.0488092925192,-0.0508255833333304,71.584401
1060,12.921830307416402,0.00213149999999966,71.453004
1061,12.200361791432801,-0.122892583333336,71.615026
1062,12.013058909584801,-0.0023243333333387802,71.645732
1063,12.2969125445408,-0.0588441666666609,71.651514
1064,11.5828548703929,0.110412333333336,71.717016
1065,12.039971567594302,0.0826470833333275,71.479168
1066,12.072487738738598,-0.127934083333335,71.591912
1067,12.0638328934297,0.058137916666669995,71.642447
1068,11.490270579312698,0.17066608333334,71.488039
1069,11.7337242427795,0.13614541666666302,71.345839
1070,11.620470007426,-0.12185133333334301,71.267041
1071,11.1222352405055,-0.0341746666666651,71.508208
1072,11.244417708266802,0.0996806666666726,71.324775
1073,11.2303787761035,-0.169678250000005,71.397615
1074,11.3280804890861,-0.0484980833333376,71.57846500000001
1075,11.944555089818099,0.0234493333333414,71.501589
1076,12.450312541835,-0.13026808333333098,71.57459
1077,12.350890641034699,0.241437499999995,71.64800699999999
1078,12.3216048877441,0.209833750000006,71.186592
1079,12.298100997516901,-0.0684095000000002,71.294855
1080,13.333580315627401,-0.0842821666666763,71.267379
1081,14.0279077011241,-0.20132041666666797,71.473389
1082,12.6110918180384,-0.0431953333333261,71.60347800000001
1083,12.1993921072083,0.0628088333333399,71.567802
1084,12.086041901813099,0.0801418333333264,71.504339
1085,12.194403824995598,0.00384766666666181,71.433983
1086,12.2262547117837,-0.0695611666666617,71.494628
1087,12.4883934580101,-0.0036305833333377295,71.536286
1088,12.6256555784443,0.119428416666664,71.488029
1089,12.3442003037184,0.0824261666666679,71.337624
1090,12.423212137129,-0.0215668333333288,71.338473
1091,12.3886794245502,0.12516991666667,71.328952
1092,12.7179287378281,-0.0469502500000078,71.159851
1093,12.883667761621401,-0.17430658333333202,71.410687
1094,12.5982264988091,0.0393778333333354,71.42895
1095,12.1721280825658,-0.0295767500000016,71.390065
1096,12.449045598178301,0.025907083333337997,71.467409
1097,12.7045215228452,-0.0315039999999994,71.363438
1098,13.4126974239313,-0.10670008333332799,71.52681899999999
1099,14.065035919088599,0.220244500000003,71.487297
1100,13.7171993120528,0.157442749999999,71.17788
1101,13.4407216395956,-0.0416464166666692,71.21486
1102,13.642745237649699,-0.141513500000001,71.236636
1103,14.068997166092,-0.0932544999999969,71.457588
1104,14.0163656956323,-0.0847813333333356,71.421542
1105,14.0456869640579,0.162683666666664,71.57505400000001
1106,13.7385992155882,0.190657333333341,71.158988
1107,13.556185108759902,-0.289314166666662,71.30936
1108,13.494956873359198,-0.10213983333333501,71.583878
1109,13.2175895238438,0.0944223333333293,71.502404
1110,13.1674300067539,-0.0741250000000081,71.477662
1111,13.152142604153399,-0.0841556666666676,71.5927
1112,12.806664542639401,0.593495666666662,71.41674599999999
